; Trident; Tasman; Gecko; WebKit; KHTML; Presto; iCab
Structure Module;Structure Module;Structure Module;Structure Module;Structure Module;Structure Module;Structure Module;Structure Module
onload;rowspan=""2"" Dunno;rowspan=""2"" Dunno;rowspan=""2"" Dunno;rowspan=""2"" Dunno;rowspan=""2"" Dunno;rowspan=""2"" Dunno;rowspan=""2"" Dunno
onunload;Forms Module;Forms Module;Forms Module;Forms Module;Forms Module;Forms Module;Forms Module
Forms Module;onchange;rowspan=""6"" Dunno;rowspan=""6"" Dunno;rowspan=""6"" Dunno;rowspan=""6"" Dunno;rowspan=""6"" Dunno;rowspan=""6"" Dunno
rowspan=""6"" Dunno;onblur;onfocus;onreset;onselect;onsubmit;;
;;;;;;;
;;;;;;;
;;;;;;;
;;;;;;;
;;;;;;;
